<?xml version="1.0"?>
<ruleset xmlns="http://pmd.sf.net/ruleset/1.0.0"
         xmlns:xsi="http://www.w3.org/2001/XMLSchema-instance"
         xsi:schemaLocation="http://pmd.sf.net/ruleset/1.0.0 http://pmd.sf.net/ruleset_xml_schema.xsd"
         xsi:noNamespaceSchemaLocation=" http://pmd.sf.net/ruleset_xml_schema.xsd">

    <rule ref="rulesets/codesize.xml">
        <exclude name="CyclomaticComplexity" />
        <exclude name="ExcessiveClassComplexity" />
        <exclude name="TooManyMethods" />
        <exclude name="TooManyPublicMethods" />
    </rule>
    <rule ref="rulesets/codesize.xml/TooManyPublicMethods">
        <properties>
            <property name="maxmethods" value="13" />
        </properties>
    </rule>

    <rule ref="rulesets/controversial.xml" />

    <rule ref="rulesets/design.xml" />

    <rule ref="rulesets/naming.xml">
        <exclude name="BooleanGetMethodName" />
        <exclude name="LongVariable" />
        <exclude name="ShortMethodName" />
        <exclude name="ShortVariable" />
    </rule>

    <rule ref="rulesets/unusedcode.xml">
        <exclude name="UnusedFormalParameter" />
    </rule>
</ruleset>