<?xml version="1.0"?>
<ruleset name="cssjanus">
	<rule ref="PSR2">
		<exclude name="Generic.WhiteSpace.DisallowTabIndent" />
		<exclude name="PSR1.Classes.ClassDeclaration.MissingNamespace" />
		<exclude name="PSR1.Classes.ClassDeclaration.MultipleClasses" />
		<exclude name="PSR2.Classes.ClassDeclaration.OpenBraceNewLine" />
		<exclude name="Squiz.Functions.MultiLineFunctionDeclaration.BraceOnSameLine" />
	</rule>
	<rule ref="Generic.WhiteSpace.ScopeIndent">
		<properties>
			<property name="tabIndent" value="true" />
		</properties>
	</rule>
	<file>.</file>
	<exclude-pattern>vendor</exclude-pattern>
</ruleset>
