<?xml version="1.0"?>
<ruleset name="OOjs UI">
	<rule ref="./vendor/mediawiki/mediawiki-codesniffer/MediaWiki">
		<!-- Disabled because "@param string $config['foo']" confuses it -->
		<exclude name="MediaWiki.Commenting.FunctionComment.ExtraParamComment" />
		<!-- Disabled because it complains about "missing" documentation where it is inherited -->
		<exclude name="MediaWiki.Commenting.FunctionComment.MissingDocumentationProtected" />
		<exclude name="MediaWiki.Commenting.FunctionComment.MissingDocumentationPublic" />
		<!-- Together with the above, false positives in WikimediaUITheme.php and others -->
		<exclude name="MediaWiki.Commenting.FunctionComment.WrongStyle" />
		<!-- False positive for variadic arguments syntax in Tag.php -->
		<exclude name="MediaWiki.WhiteSpace.SpaceBeforeSingleLineComment.NewLineComment" />
	</rule>
	<file>.</file>
	<arg name="encoding" value="UTF-8"/>
	<arg name="extensions" value="php"/>
	<exclude-pattern>build</exclude-pattern>
	<exclude-pattern>coverage</exclude-pattern>
	<exclude-pattern>vendor</exclude-pattern>
	<exclude-pattern>demos/php</exclude-pattern>
	<!-- Allow superglobals in entry points -->
	<rule ref="MediaWiki.Usage.SuperGlobalsUsage.SuperGlobals">
		<exclude-pattern>*/demos/demos.php</exclude-pattern>
		<exclude-pattern>*/demos/widgets.php</exclude-pattern>
	</rule>
</ruleset>
